0x3023868433f6086cd8ce0c4083fe2e11b37ce0b7,"[13 31 46]","[17 warning Avoid to use tx.origin avoid-tx-origin 21 warning Avoid to use tx.origin avoid-tx-origin 17 warning Avoid to use tx.origin avoid-tx-origin]"
0x85f1752fcaf37c45aa77d677e54e94f533c49874,"[292]","[17 warning Avoid to use tx.origin avoid-tx-origin]"
0xfd48ed04d07391835a7b92770589e8ae6015134d,"[1]","[0 error Parse error]"
0x0b7bda8ad804cb3318ae8490b984c2883ada2154,"[297 355 361 366 371 378 389 406 406 408 409 410 421 425 426 428]","[18 warning Avoid to use tx.origin avoid-tx-origin 17 warning Avoid to use tx.origin avoid-tx-origin 16 warning Avoid to use tx.origin avoid-tx-origin 19 warning Avoid to use tx.origin avoid-tx-origin 18 warning Avoid to use tx.origin avoid-tx-origin 25 warning Avoid to use tx.origin avoid-tx-origin 21 warning Avoid to use tx.origin avoid-tx-origin 43 warning Avoid to use tx.origin avoid-tx-origin 84 warning Avoid to use tx.origin avoid-tx-origin 45 warning Avoid to use tx.origin avoid-tx-origin 50 warning Avoid to use tx.origin avoid-tx-origin 20 warning Avoid to use tx.origin avoid-tx-origin 23 warning Avoid to use tx.origin avoid-tx-origin 66 warning Avoid to use tx.origin avoid-tx-origin 40 warning Avoid to use tx.origin avoid-tx-origin 22 warning Avoid to use tx.origin avoid-tx-origin]"
0x13a6a9602b2994586df94648045f7a113ba39044,"[1887 2005 2012 2115]","[81 warning Avoid to use tx.origin avoid-tx-origin 81 warning Avoid to use tx.origin avoid-tx-origin 22 warning Avoid to use tx.origin avoid-tx-origin 37 warning Avoid to use tx.origin avoid-tx-origin]"
0x10d7c026daa5a061b00b0473d9c0f9f13e1674ad,"[966]","[51 warning Avoid to use tx.origin avoid-tx-origin]"
0x7f222f42d2d8d21bb289fdf6f47a91c9b507ec58,"[16 34 43 43 51 51 58 66 78 78 80 80 82 83 84 96 101 102]","[13 warning Avoid to use tx.origin avoid-tx-origin 13 warning Avoid to use tx.origin avoid-tx-origin 15 warning Avoid to use tx.origin avoid-tx-origin 38 warning Avoid to use tx.origin avoid-tx-origin 15 warning Avoid to use tx.origin avoid-tx-origin 38 warning Avoid to use tx.origin avoid-tx-origin 13 warning Avoid to use tx.origin avoid-tx-origin 13 warning Avoid to use tx.origin avoid-tx-origin 25 warning Avoid to use tx.origin avoid-tx-origin 104 warning Avoid to use tx.origin avoid-tx-origin 25 warning Avoid to use tx.origin avoid-tx-origin 104 warning Avoid to use tx.origin avoid-tx-origin 15 warning Avoid to use tx.origin avoid-tx-origin 15 warning Avoid to use tx.origin avoid-tx-origin 5 warning Avoid to use tx.origin avoid-tx-origin 13 warning Avoid to use tx.origin avoid-tx-origin 29 warning Avoid to use tx.origin avoid-tx-origin 29 warning Avoid to use tx.origin avoid-tx-origin]"
0xdfec913acad68f6321c88570e95d857bf7bae18f,"[29 440]","[17 warning Avoid to use tx.origin avoid-tx-origin 17 warning Avoid to use tx.origin avoid-tx-origin]"
0x41a3dba3d677e573636ba691a70ff2d606c29666,"[226]","[30 warning Avoid to use tx.origin avoid-tx-origin]"
0xbd6ca67d04aeff4568d088877a5a9e024e2a02ad,"[106]","[13 warning Avoid to use tx.origin avoid-tx-origin]"
0xf76fa30d86141fee20c03b25f0ae774aec298b3b,"[582]","[12 warning Avoid to use tx.origin avoid-tx-origin]"
0x1a08de230cbb7e00014c23a0e3cbb07fddda218a,"[212]","[17 warning Avoid to use tx.origin avoid-tx-origin]"
0x1580a4b2dd47ca948046ee20e8bc7e6a5fc0aefc,"[1169 1172 1179]","[7 warning Avoid to use tx.origin avoid-tx-origin 21 warning Avoid to use tx.origin avoid-tx-origin 31 warning Avoid to use tx.origin avoid-tx-origin]"
0x2cc6ca9c3023a6a876fd54a03f68281c7aad0e8b,"[214 964]","[37 warning Avoid to use tx.origin avoid-tx-origin 13 warning Avoid to use tx.origin avoid-tx-origin]"
0x8377355a44228ec37ea76f203639a463a7f60950,"[1251 1263]","[12 warning Avoid to use tx.origin avoid-tx-origin 12 warning Avoid to use tx.origin avoid-tx-origin]"
0xa1626ef90518639098eb92fd57ed08126d57640f,"[1133 1133 1134 1136 1139 1144 1212 1279 1280 1431]","[24 warning Avoid to use tx.origin avoid-tx-origin 53 warning Avoid to use tx.origin avoid-tx-origin 66 warning Avoid to use tx.origin avoid-tx-origin 23 warning Avoid to use tx.origin avoid-tx-origin 93 warning Avoid to use tx.origin avoid-tx-origin 25 warning Avoid to use tx.origin avoid-tx-origin 59 warning Avoid to use tx.origin avoid-tx-origin 31 warning Avoid to use tx.origin avoid-tx-origin 23 warning Avoid to use tx.origin avoid-tx-origin 7 warning Avoid to use tx.origin avoid-tx-origin]"
0xfac79ae042cbd841a69ab84b16dcd803edccf2a1,"[158]","[17 warning Avoid to use tx.origin avoid-tx-origin]"
0x33771a9c78946e5b8a83a41637eb2e8cc1d06c5e,"[1089 1093 1094 1098 1098 1099]","[13 warning Avoid to use tx.origin avoid-tx-origin 47 warning Avoid to use tx.origin avoid-tx-origin 21 warning Avoid to use tx.origin avoid-tx-origin 36 warning Avoid to use tx.origin avoid-tx-origin 67 warning Avoid to use tx.origin avoid-tx-origin 29 warning Avoid to use tx.origin avoid-tx-origin]"
0x0c255adc32a3fd72a7ef68b8ad18e912ead2c975,"[1]","[0 error Parse error]"
0xf927b49629dad227bb3cc594359be17372328eda,"[10 15 25 133 157 166 185 185 187 188 190 193]","[17 warning Avoid to use tx.origin avoid-tx-origin 17 warning Avoid to use tx.origin avoid-tx-origin 17 warning Avoid to use tx.origin avoid-tx-origin 23 warning Avoid to use tx.origin avoid-tx-origin 25 warning Avoid to use tx.origin avoid-tx-origin 28 warning Avoid to use tx.origin avoid-tx-origin 25 warning Avoid to use tx.origin avoid-tx-origin 42 warning Avoid to use tx.origin avoid-tx-origin 41 warning Avoid to use tx.origin avoid-tx-origin 32 warning Avoid to use tx.origin avoid-tx-origin 45 warning Avoid to use tx.origin avoid-tx-origin 37 warning Avoid to use tx.origin avoid-tx-origin]"
0x72b07fc5753a3564cfcac50cd6f246187d2d4306,"[123 158 171 188 198 212 226 362 382 393 404 534 547 587 592 597]","[48 warning Avoid to use tx.origin avoid-tx-origin 48 warning Avoid to use tx.origin avoid-tx-origin 40 warning Avoid to use tx.origin avoid-tx-origin 48 warning Avoid to use tx.origin avoid-tx-origin 32 warning Avoid to use tx.origin avoid-tx-origin 48 warning Avoid to use tx.origin avoid-tx-origin 32 warning Avoid to use tx.origin avoid-tx-origin 25 warning Avoid to use tx.origin avoid-tx-origin 45 warning Avoid to use tx.origin avoid-tx-origin 25 warning Avoid to use tx.origin avoid-tx-origin 25 warning Avoid to use tx.origin avoid-tx-origin 61 warning Avoid to use tx.origin avoid-tx-origin 27 warning Avoid to use tx.origin avoid-tx-origin 31 warning Avoid to use tx.origin avoid-tx-origin 31 warning Avoid to use tx.origin avoid-tx-origin 31 warning Avoid to use tx.origin avoid-tx-origin]"
0x43d99d54f14c64994fd9666beab6023b0069de20,"[127 163 175 192 202 216 230 366 386 397 408 538 551 591 596 601]","[48 warning Avoid to use tx.origin avoid-tx-origin 48 warning Avoid to use tx.origin avoid-tx-origin 40 warning Avoid to use tx.origin avoid-tx-origin 48 warning Avoid to use tx.origin avoid-tx-origin 32 warning Avoid to use tx.origin avoid-tx-origin 48 warning Avoid to use tx.origin avoid-tx-origin 32 warning Avoid to use tx.origin avoid-tx-origin 25 warning Avoid to use tx.origin avoid-tx-origin 45 warning Avoid to use tx.origin avoid-tx-origin 25 warning Avoid to use tx.origin avoid-tx-origin 25 warning Avoid to use tx.origin avoid-tx-origin 61 warning Avoid to use tx.origin avoid-tx-origin 27 warning Avoid to use tx.origin avoid-tx-origin 31 warning Avoid to use tx.origin avoid-tx-origin 31 warning Avoid to use tx.origin avoid-tx-origin 31 warning Avoid to use tx.origin avoid-tx-origin]"
0xe0163cf3bbb7ec64dbc72e9c4f88ed5877fa1bfb,"[363]","[28 warning Avoid to use tx.origin avoid-tx-origin]"
0xd083fb2e28c749df1382dffd8a478ab47b2aa6f2,"[1]","[0 error Parse error]"
0xed1199ba9eb7758a6caa1070941bacfe3d1a8f9e,"[966]","[51 warning Avoid to use tx.origin avoid-tx-origin]"
0x37f387fe48c9569500b514a1c7e1f6b04be8d421,"[278 295 298 298 300]","[17 warning Avoid to use tx.origin avoid-tx-origin 36 warning Avoid to use tx.origin avoid-tx-origin 18 warning Avoid to use tx.origin avoid-tx-origin 40 warning Avoid to use tx.origin avoid-tx-origin 18 warning Avoid to use tx.origin avoid-tx-origin]"
0x5f5a0d2ea029ae476ba804901eb0f1b912220947,"[448]","[17 warning Avoid to use tx.origin avoid-tx-origin]"
0x94e332cc102a02bad6ce2e644ab88f6025bc643f,"[380]","[17 warning Avoid to use tx.origin avoid-tx-origin]"
0xd7aa007c3e7ab454ffe3e20f0b28f926db295477,"[380]","[17 warning Avoid to use tx.origin avoid-tx-origin]"
0xfc429e68b7e06f6216004d9e39b760b8e36ecf14,"[203 319]","[17 warning Avoid to use tx.origin avoid-tx-origin 17 warning Avoid to use tx.origin avoid-tx-origin]"
0x5f4d465a294c5e8258beb6a4459f69f933f6f5b1,"[652]","[17 warning Avoid to use tx.origin avoid-tx-origin]"
0xe10e624b2bc2887b0ff359bcd1654b32b5fa929a,"[1]","[0 error Parse error]"
0x4226d666079653656f8db5b5b22803525abcb11d,"[677 685 701 749 751 754]","[13 warning Avoid to use tx.origin avoid-tx-origin 32 warning Avoid to use tx.origin avoid-tx-origin 32 warning Avoid to use tx.origin avoid-tx-origin 35 warning Avoid to use tx.origin avoid-tx-origin 42 warning Avoid to use tx.origin avoid-tx-origin 31 warning Avoid to use tx.origin avoid-tx-origin]"
0xa342b71ef080fd75a78251aa83d3f5ce80743939,"[278 295 298 298 300]","[17 warning Avoid to use tx.origin avoid-tx-origin 36 warning Avoid to use tx.origin avoid-tx-origin 18 warning Avoid to use tx.origin avoid-tx-origin 40 warning Avoid to use tx.origin avoid-tx-origin 18 warning Avoid to use tx.origin avoid-tx-origin]"
0xa8ddbe421894b22e5e5be86d9cf9c24f5600b8fe,"[279 296 299 299 301]","[17 warning Avoid to use tx.origin avoid-tx-origin 36 warning Avoid to use tx.origin avoid-tx-origin 18 warning Avoid to use tx.origin avoid-tx-origin 40 warning Avoid to use tx.origin avoid-tx-origin 18 warning Avoid to use tx.origin avoid-tx-origin]"
0x1a300c5a5639c4605c1b47f6e079e8b4056a9376,"[114 836]","[11 warning Avoid to use tx.origin avoid-tx-origin 25 warning Avoid to use tx.origin avoid-tx-origin]"
0x7a6f05e443e5dec833d59f5288643f5aae0186c5,"[30 202 204 204 206 214 216 216 219 269 273 273 290 291 292 329 330 331 331 351 353 355 357 357]","[13 warning Avoid to use tx.origin avoid-tx-origin 32 warning Avoid to use tx.origin avoid-tx-origin 14 warning Avoid to use tx.origin avoid-tx-origin 36 warning Avoid to use tx.origin avoid-tx-origin 19 warning Avoid to use tx.origin avoid-tx-origin 38 warning Avoid to use tx.origin avoid-tx-origin 16 warning Avoid to use tx.origin avoid-tx-origin 38 warning Avoid to use tx.origin avoid-tx-origin 25 warning Avoid to use tx.origin avoid-tx-origin 38 warning Avoid to use tx.origin avoid-tx-origin 20 warning Avoid to use tx.origin avoid-tx-origin 48 warning Avoid to use tx.origin avoid-tx-origin 21 warning Avoid to use tx.origin avoid-tx-origin 13 warning Avoid to use tx.origin avoid-tx-origin 19 warning Avoid to use tx.origin avoid-tx-origin 13 warning Avoid to use tx.origin avoid-tx-origin 15 warning Avoid to use tx.origin avoid-tx-origin 19 warning Avoid to use tx.origin avoid-tx-origin 48 warning Avoid to use tx.origin avoid-tx-origin 32 warning Avoid to use tx.origin avoid-tx-origin 15 warning Avoid to use tx.origin avoid-tx-origin 15 warning Avoid to use tx.origin avoid-tx-origin 19 warning Avoid to use tx.origin avoid-tx-origin 48 warning Avoid to use tx.origin avoid-tx-origin]"
0xa3fca2ce3065ce15b46012a897837c617141fbc1,"[30 202 204 204 206 214 216 216 219 269 273 273 290 291 292 329 330 331 331 351 353 355 357 357]","[13 warning Avoid to use tx.origin avoid-tx-origin 32 warning Avoid to use tx.origin avoid-tx-origin 14 warning Avoid to use tx.origin avoid-tx-origin 36 warning Avoid to use tx.origin avoid-tx-origin 19 warning Avoid to use tx.origin avoid-tx-origin 38 warning Avoid to use tx.origin avoid-tx-origin 16 warning Avoid to use tx.origin avoid-tx-origin 38 warning Avoid to use tx.origin avoid-tx-origin 25 warning Avoid to use tx.origin avoid-tx-origin 38 warning Avoid to use tx.origin avoid-tx-origin 20 warning Avoid to use tx.origin avoid-tx-origin 48 warning Avoid to use tx.origin avoid-tx-origin 21 warning Avoid to use tx.origin avoid-tx-origin 13 warning Avoid to use tx.origin avoid-tx-origin 19 warning Avoid to use tx.origin avoid-tx-origin 13 warning Avoid to use tx.origin avoid-tx-origin 15 warning Avoid to use tx.origin avoid-tx-origin 19 warning Avoid to use tx.origin avoid-tx-origin 48 warning Avoid to use tx.origin avoid-tx-origin 32 warning Avoid to use tx.origin avoid-tx-origin 15 warning Avoid to use tx.origin avoid-tx-origin 15 warning Avoid to use tx.origin avoid-tx-origin 19 warning Avoid to use tx.origin avoid-tx-origin 48 warning Avoid to use tx.origin avoid-tx-origin]"
0x63fc7125667dba73691454ab516243c5639e04c5,"[369]","[8 warning Avoid to use tx.origin avoid-tx-origin]"
0x56a2ac05dfae89d1bd4483ab106c713f3d6f2cb7,"[38 49]","[17 warning Avoid to use tx.origin avoid-tx-origin 17 warning Avoid to use tx.origin avoid-tx-origin]"
0x16b888fa2fc83043c3ad6d6c2780c8248461bb15,"[235]","[17 warning Avoid to use tx.origin avoid-tx-origin]"
0x3bb3354f82654dd609300e92c92cf2c7c1bf3171,"[291 542]","[37 warning Avoid to use tx.origin avoid-tx-origin 13 warning Avoid to use tx.origin avoid-tx-origin]"
0x6db0940d96cc8607cc067b04758c06acc44db852,"[1]","[0 error Parse error]"
0x04b5e13000c6e9a3255dc057091f3e3eeee7b0f0,"[965]","[13 warning Avoid to use tx.origin avoid-tx-origin]"
0x65e871cd0e132e14b3bd9569199dcb436c752b2f,"[]","[]"
